{"Geoscience BC SeArch II project area": [54.331022222222224, -125.72880555555555, 17.8337, 73.3833, 55784.7],
 "Turkey (Kisladag mine area)": [38.48201388888889, 29.148252777777778, 5.1514, 55.7999, 46727.8],
 "Nevada (Goldstrike mine area)": [40.98167777777778, -116.37942222222222, 12.8617, 65.1471, 51039.6],
 "Peru (Antamina mine area)": [-9.53931388888889, -77.06344722222222, -2.6181, 4.0792, 25548.8],
 "Yukon (Dawson city area)": [64.0598, -139.43231666666665, 19.5382, 77.8733, 57063.5],
 "Colombia (El Alacran deposit area)": [7.746186111111111, -75.71865833333334, 	-6.7814, 32.7902, 32377.1],
 "Serbia (Bor mine area)": [44.08925833333333, 22.099977777777777, 4.9680, 61.1713, 47955.3],
 "Chile (Atacama desert, Chuquicamata mine area)": [-22.286972222222225, -68.90255555555557, -5.4600, -20.1456, 22822.5]}
