{"Yukon": 		[64.059800000000000, -139.43231666666665, 57063.5,  77.8733, 19.5382],
 "Northern BC": [54.331022222222224, -125.72880555555555, 55784.7,  73.3833, 17.8337],
 "Nevada": 		[40.981677777777778, -116.37942222222222, 51039.6,  65.1471, 12.8617],
 "Colombia": 	[7.7461861111111111, -75.718658333333334, 32377.1,  32.7902, -6.7814],
 "Peru": 		[-9.539313888888889, -77.063447222222222, 25548.8,   4.0792, -2.6181],
 "Chile": 		[-22.28697222222225, -68.902555555555557, 22822.5, -20.1456, -5.4600],
 "Serbia": 		[44.089258333333333, 22.0999777777777777, 47955.3,  61.1713,  4.9680],
 "Turkey": 		[38.482013888888889, 29.1482527777777778, 46727.8,  55.7999,  5.1514]
 }
