{"North Pole":  [80.310000000000000, -72.620000000000000, 56202.6,  86.5208, 	-50.978],
 "Yukon": 		[64.059800000000000, -139.43231666666665, 57063.5,  77.8733, 	19.5382],
 "Northern BC": [54.331022222222224, -125.72880555555555, 55784.7,  73.3833, 	17.8337],
 "Montreal":    [45.501700000000000, -73.567300000000000, 53714.6,	69.9605,	-14.378],
 "Nevada": 		[40.981677777777778, -116.37942222222222, 51039.6,  65.1471, 	12.8617],
 "Mexico":		[19.432600000000000, -99.133200000000000, 40328.4,	47.1611,	4.60450],
 "Colombia": 	[7.7461861111111111, -75.718658333333334, 32377.1,  32.7902, 	-6.7814],
 "Peru": 		[-9.539313888888889, -77.063447222222222, 25548.8,   4.0792, 	-2.6181],
 "Chile": 		[-22.28697222222225, -68.902555555555557, 22822.5, -20.1456, 	-5.4600],
 "South Africa":[-33.92490000000000, 18.4241000000000000, 25439.0,	-25.301,	-25.301],
 "Serbia": 		[44.089258333333333, 22.0999777777777777, 47955.3,  61.1713,  	4.9680],
 "Turkey": 		[38.482013888888889, 29.1482527777777778, 46727.8,  55.7999,  	5.1514],
 "Delhi":		[28.704100000000000, 77.1025000000000000, 48215.3,	45.1370,	1.2797],
 "Beijing": 	[39.904200000000000, 116.407400000000000, 54631.2,	59.1493,	-6.898],
 "Brisbane": 	[-27.46980000000000, 153.025100000000000, 53123.9,	-57.509,	10.987],
 "South Pole":  [-80.31000000000000, 107.380000000000000, 58819.5,	-75.957,	-127.5]
 }
