{"Geoscience BC SeArch II project area": [54.331022222222224, -125.72880555555555],
 "Turkey (Kisladag mine area)": [38.48201388888889, 29.148252777777778],
 "Nevada (Goldstrike mine area)": [40.98167777777778, -116.37942222222222],
 "Peru (Antamina mine area)": [-9.53931388888889, -77.06344722222222],
 "Yukon (Dawson city area)": [64.0598, -139.43231666666665],
 "Colombia (El Alacran deposit area)": [7.746186111111111, -75.71865833333334],
 "Serbia (Bor mine area)": [44.08925833333333, 22.099977777777777],
 "Chile (Atacama desert, Chiquicamata mine area)": [-22.286972222222225, -68.90255555555557]}
