{"UBC": [54.331022222222224, -125.72880555555555],
 "Turkey": [38.48201388888889, 29.148252777777778],
 "Nevada": [40.98167777777778, -116.37942222222222],
 "Peru": [-9.53931388888889, -77.06344722222222],
 "Yukon": [64.0598, -139.43231666666665],
 "Colombia": [7.746186111111111, -75.71865833333334],
 "Serbia": [44.08925833333333, 22.099977777777777],
 "Chile": [-22.286972222222225, -68.90255555555557]}
